Variation,Total_Visits,Total_Confirm,Completion_Rate
Control,32189,16046,0.4984932740998478
Test,37136,21731,0.5851734166307626
